adankirel,04592b58-550f-3aad-9587-471993f5a708
andersonjo,22b1e476-b4c7-3eb1-812a-6840d698c061
kortolob,fef017cb-fc4f-44df-9c0d-f64be52e92d4
theking_gio,87c39e94-7979-3150-a57c-02865654eeef
polus33,37beb6a3-f4e4-3d57-b9ac-0a2a692c8bcb
lord_killler,8cd3ead3-6334-3ee8-a1cf-9a1ef8cf0d4e
zbandidoh,6fd82bb0-70a8-3145-bac2-5805cadd1d96
caserolacas,56d0f003-9c00-3ff7-b5d6-075c2ca78547
zana09,43a9b960-65f8-3669-a8db-6d71f2c0adfa
carlos_caboo,63e88dca-1183-3654-84d4-299c07175b55
itsrusita,8dc796dc-b5a3-4293-9794-16136f809a27
superyako73,7c8f7d32-dd61-3b21-a7cd-d29313269612
jose_genes,a09d299a-6a5b-3635-8442-23502b1a6a84
znotmc,a69aea6b-4c57-4407-beda-82104ad22290
annillu_uwu,2cf44636-2146-392d-a5a6-fadbef5603fa
kal_vlzk,b13cb890-ad98-3f6d-ba9c-259df859b4dd
crgamer_,78d8c3ea-37d4-3ecc-bbb3-c2fa4ce30322
canaimitagod,8254f7ad-8236-471d-b3ad-8b0c90e9df50
rubiuzch,f74ebe2f-ff33-3d4f-a6ec-b9171bd6bd1e
giouwur,ba555d89-8826-36a9-a682-628c3e141048
vippotwitch,7790ae67-2c12-392c-92ce-c212bbc16602
dilansito7w7da,6487c0ce-28ff-3707-ba8c-37db335f3535
kevo1422,0ae5542f-726f-3432-ba27-0406ab154b47
mikamint,556909b0-2a4e-374f-8238-0fc988472b50
antisocialpann,49bef0d8-efaa-3a38-b162-23cd079ffb90
andrewolf006,b03cf92b-ebc5-30d9-8966-f1d2059e14f7
sapo_csm,e2d82718-4118-3569-bd09-345efb77af96
adriano012,49c47bd4-65e4-3c62-a088-57f23366e045
nan96,b965bcca-3ca9-3b4d-884a-deba55c4e141
0phy,5e0d2129-5876-3b22-b317-06c52a30d286
aslovax,b3e8a6d8-6965-3b33-9c0f-090a858f3061
xsleechsx,14537a0a-ecfd-3dc9-865b-cbd41c4933db
igniteyoursoul,e46a01c9-b3ea-311a-8622-0f9877291bc6
conchaz,7f8b6dea-641b-3a23-953e-9e1766e04b26
nohackerislegit,da806e51-f8b9-3dee-87b7-60ce7bbfa184
dianniwis,d3c6d842-b56b-312c-a285-f0de85400383
xxpancho_cl,e16ea557-3780-40d7-aa84-c79d50077e30
sr_juancastillo,227459ce-4dbb-3c81-a9da-2e6e3fe2721d
doxwy,79faafed-e2a4-3ee5-a7c9-8219f477f10a
sheldoc,4d3d52c9-bfa8-3965-83e3-d80f45d4d135
kranehr_09,9680a09b-2b61-3eb3-a846-3b32cce736bd
nirmax,c15f4654-f0c6-3bfa-99fb-0458b70ac0bc
fernand058t,c8fcde63-a461-3ef1-9bc6-e3ed23345d52
leandro280400,3d381b86-2048-31a0-ace9-12cdd96e2774
jordyes,8ef41a9e-15a0-38e5-92db-21d00c2c13c1
danilox07,a36a177f-d073-30b3-8748-105fee043399
el_tonny,1e4eeb78-c282-34a9-af07-4e65081c484a
dannymt,9b4ce1b6-4964-3ab7-a142-35dc28b487a1
bill84,07785c16-909b-3609-9c0c-44041450545e
frannko,5848a1ab-3f09-32c4-80c6-db62ae156d09
bunji_quin,181a4015-412f-3444-aeea-3e1576890076
noorotula,b4454462-43ba-43c2-ae6c-7661af688c4f
tyriondj,b9f43f9f-5448-3cc5-b39d-50fd0006d127
the_inge,a45076d8-55a4-3d8f-9495-2b59ac7536e7
cucho2910,ed0b4374-6bb3-3d86-835d-ddff8e2516d8
edwinnorth,7052e640-59c1-37e9-961b-3974a2487561
cesarag122,58452e50-af07-3d96-8491-6db463def6e5
zero,8c75bdcf-894b-38b5-bb67-3261631cc58a
jopher11733,035ace88-cdfb-39a0-bc20-339c9db17cac
ladvdcorzo,b734ae20-f358-371c-92fb-ce1a20bc0108
mxcrazy9125,fd0e5395-bdbb-3ce2-88b7-037bc62d9d46
abrechaizz,31c15294-3fe4-3d46-9cee-0d11fcd8f2fe
gonq,2e7d886a-b9f3-3916-af8b-149a7f839297
benjaprime_93,91431f44-0383-3480-9ab3-8e15e539d2a0
abrechaiz,1834ebac-06a3-4612-873a-4b5dcc165e0d
neodairo,c9dd9ce7-56a3-32c9-b536-e0b5a7776ac2
chepequique,c93eddee-bb3e-30b2-8744-92a8288f4104
abu1601,a347441d-93f6-306c-bc8a-faaf56815e6c
annywhite,ca3df973-8a4e-48b7-8b36-e74f7c688097
andres,ef6b595b-406d-330e-80ec-61c683eed8a6
maskapito,d05e3121-183c-388f-9ea2-879529f4cc9f
sebitas,57d37db9-f65e-3bc6-90d7-d27aa7a0283e
yessjihyun,cc491c98-3615-38ac-b37d-ea7566ae2de1
mateo164,4acb4858-5057-3a4f-a124-200c1e448858
ignaciobauer,88ab7721-131d-3120-a6f3-bee0482f20a6
samzpda,a96c80b3-b769-39d5-9c4d-43efcf34e4e9
nokfor,8cc0ebf5-630b-3d38-b0ae-84f368bd7d65
6mrsicario9,8798b9b4-eee6-3ba7-901f-ac0711eb9bc9
nicomania_,bc05e9f3-fce8-36da-b598-a2dbc099524b
julf0,29951076-9276-32e7-8d57-26bdd5764c0f
cmaquera,a506a131-9531-3894-8e24-6f82b16ee69c
josefdogenes_,b4c1625a-455b-3395-adcf-0a3a27919672
ckimba,a763a444-738e-369a-ae40-e8e2a5a613c1
eljeambriz,a6d03cae-462e-3736-827b-bce2696baaf5
ax221,df129393-690b-38ec-a84c-34f430266ba7
lord_killer,aac43437-14c7-3b21-9ed6-bcfd6e23ad07
charlywatson,21ffae59-ce1e-384b-91a3-43b98fb06f57
dinomichi,52373efe-f2bb-320d-b7bd-c2adb2a41003
mirkooff_ad01,c053160e-be07-3822-a5a9-8d4eb86d7e6a
laee3,2796808b-d76e-42a6-b1c2-952eef041203
blankshadow,fd30421a-425e-3073-8a2b-29d93fc3f284
pinfygirl,c6d37336-b308-3341-841c-3f40b214d671
valkryon365,f2586cf3-4434-35b5-b742-84d991bebf55
leobanzz,fdc5fc6b-9bb6-383e-90b3-bb6cb2796447
danny_space_,0c210b1f-eee3-35cc-88c2-bd4d5ff7c1ee
el_tonny26,ffc12da6-5379-3467-8ed8-b4146f1b17e2
srreikuz,7a849a5c-8bb9-38fc-a00b-bb3a31b80e07
ismarvin,48c92634-54f7-31f1-b341-038a2bf290c8
millan0804,9fdbf0aa-ed96-3c37-a0f5-20f643b434ea
richosbar,aa16d7d1-83a8-3654-b415-d46365cfd692
zer002b,8f82a05d-c62d-3341-a8c7-4dd00804cda5
giknex2xd,58391e53-92cf-3756-bce7-561e42dd62fd
fiosanabria,a7af222b-54fc-33bb-aea3-903cfcff4d40
itsleay,1b6d91ac-fb2d-308f-93f1-49087ddadb9f
p1per,a28bfbc7-7c66-3661-8e8a-ec63f4919666
